<?xml version="1.0" encoding="UTF-8"?>
<project-private xmlns="http://www.netbeans.org/ns/project-private/1">
    <editor-bookmarks xmlns="http://www.netbeans.org/ns/editor-bookmarks/2" lastBookmarkId="0"/>
    <open-files xmlns="http://www.netbeans.org/ns/projectui-open-files/2">
        <group>
            <file>file:/C:/xampp/htdocs/alfombrasypisos/rs1/index.php</file>
            <file>file:/C:/xampp/htdocs/alfombrasypisos/firma/firma.htm</file>
            <file>file:/C:/xampp/htdocs/alfombrasypisos/rs1/pages/alfombras.php</file>
            <file>file:/C:/xampp/htdocs/alfombrasypisos/rs1/layout/demo.css</file>
            <file>file:/C:/xampp/htdocs/alfombrasypisos/rs1/layout/styles/layout.css</file>
            <file>file:/C:/xampp/htdocs/alfombrasypisos/rs1/pages/pisos.php</file>
            <file>file:/C:/xampp/htdocs/alfombrasypisos/rs1/layout/styles/forms.css</file>
            <file>file:/C:/xampp/htdocs/alfombrasypisos/rs1/layout/styles/font-awesome.min.css</file>
            <file>file:/C:/xampp/htdocs/alfombrasypisos/rs1/layout/styles/demo.css</file>
        </group>
    </open-files>
</project-private>
